Model,Accuracy,Balanced Accuracy,Macro Precision,Macro Recall,Macro F1
Optimizer study — Nadam,0.9568372361954322,0.8732195289167749,0.7991112723485175,0.8732195289167749,0.8313903602309531
Optimizer study — SGD + Nesterov,0.9539173171436831,0.850867290875499,0.7987861424070685,0.850867290875499,0.8151470883054457
Optimizer study — RMSprop,0.9550737207285342,0.8733402133086933,0.8115664248309016,0.8733402133086933,0.8351943448867571
He + safe flips + L2,0.9466897947383637,0.8818175675672503,0.7749950347394129,0.8818175675672503,0.8156031265767432
Baseline,0.937149465163342,0.7975047978449853,0.7399933215498109,0.7975047978449853,0.7571973569103917
He + safe flips,0.9381034981208441,0.8118939612968381,0.7385907754424922,0.8118939612968381,0.7634257551723809
He initialization,0.9406186759178954,0.7856878611718501,0.7346063579919404,0.7856878611718501,0.7524964407689818
He + arbitrary rotations,0.8293148308759757,0.6860810325642751,0.6371406958009412,0.6860810325642751,0.6260890832537596
