Model,Accuracy,Balanced Accuracy,Macro Precision,Macro Recall,Macro F1
Intermediate optimizer — SGD + Nesterov,0.9579936397802833,0.8532966964412794,0.8102894965850371,0.8532966964412794,0.8228881933737298
Intermediate optimizer — RMSprop,0.9558253830586875,0.8070324902970215,0.8015492305602455,0.8070324902970215,0.7967373709102682
Intermediate optimizer — Nadam,0.9389418907198612,0.8537454954258054,0.7543222823505931,0.8537454954258054,0.7902596631293781
Intermediate — Baseline,0.9554784619832322,0.7696780283650381,0.7901089659117628,0.7696780283650381,0.7721080210302481
Intermediate — He + safe flips,0.9316276380456779,0.8263535930630114,0.7131363955116424,0.8263535930630114,0.7553039670851213
Intermediate — He initialization,0.9108701936976005,0.7855434795811193,0.7038407862747735,0.7855434795811193,0.7263738146792145
Intermediate — He + safe flips + L2,0.9540618675917896,0.6764327988718465,0.7463119974883994,0.6764327988718465,0.6989308100323401
Intermediate — He + arbitrary rotations,0.8731714368314542,0.6986517005828553,0.7011793702333646,0.6986517005828553,0.647683997748913
